Borehole,Depth_m,Soil_Type,SPT_N,Water_Content,Unit_Weight,Depth_ft,Total_Stress,Pore_Pressure,Effective_Stress,Density,Plasticity,Clay_Flag
BH01,1.5,Sand,8,12,17.5,4.9215,26.25,0.0,26.25,Loose,Low,No
BH01,3.0,Sand,12,14,18.0,9.843,54.0,9.81,44.19,Loose,Low,No
BH01,4.5,Silty Sand,10,18,17.8,14.7645,80.10000000000001,24.525000000000002,55.575,Loose,Low,No
BH01,6.0,Silty Sand,14,20,18.2,19.686,109.19999999999999,39.24,69.95999999999998,Loose,Low,No
BH01,9.0,Clay,6,28,17.0,29.529,153.0,68.67,84.33,Loose,Low,Yes
BH01,12.0,Clay,15,26,18.0,39.372,216.0,98.10000000000001,117.89999999999999,Loose,Low,Yes
BH02,1.5,Sand,6,10,17.0,4.9215,25.5,0.0,25.5,Loose,Low,No
BH02,4.5,Silty Sand,12,16,18.0,14.7645,81.0,24.525000000000002,56.474999999999994,Loose,Low,No
BH02,7.5,Clay,5,30,16.8,24.6075,126.0,53.955000000000005,72.04499999999999,Loose,Low,Yes
BH02,10.5,Clay,18,24,18.2,34.4505,191.1,83.385,107.71499999999999,Loose,Low,Yes
BH02,13.5,Sand,28,11,19.2,44.2935,259.2,112.81500000000001,146.385,Loose,Low,No
BH03,2.0,Sand,9,13,17.6,6.562,35.2,0.0,35.2,Loose,Low,No
BH03,3.5,Sand,14,15,18.1,11.483500000000001,63.35000000000001,14.715,48.635000000000005,Loose,Low,No
BH03,5.0,Silty Sand,11,19,17.9,16.405,89.5,29.43,60.07,Loose,Low,No
BH03,7.0,Silty Sand,17,22,18.3,22.967000000000002,128.1,49.050000000000004,79.04999999999998,Loose,Low,No
BH03,9.5,Clay,7,32,17.1,31.169500000000003,162.45000000000002,73.575,88.87500000000001,Loose,Low,Yes
BH03,11.0,Clay,20,27,18.4,36.091,202.39999999999998,88.29,114.10999999999997,Loose,Low,Yes
BH03,14.0,Sand,35,9,19.5,45.934000000000005,273.0,117.72,155.28,Dense,Low,No
